src_ip,dest_ip,src_port,dest_port,protocol,packet_size,action
102.179.92.14,219.134.162.182,21098,44433,ICMP,861,ALLOW
106.71.188.20,219.13.119.137,3093,8220,ICMP,1469,BLOCK
102.121.210.214,79.143.181.222,53312,23465,ICMP,967,BLOCK
74.202.87.116,105.216.204.69,22693,51138,UDP,684,ALLOW
99.103.151.130,43.72.44.227,59419,30233,ICMP,1168,ALLOW
149.52.1.87,183.106.83.81,23863,61498,TCP,86,BLOCK
235.157.37.129,249.106.184.20,64500,42482,ICMP,25,ALLOW
191.187.20.160,195.177.160.218,24861,8489,TCP,656,ALLOW
203.57.21.252,6.69.126.142,13972,34950,ICMP,333,ALLOW
235.88.48.218,209.159.247.202,14617,44363,ICMP,1369,ALLOW
58.254.169.255,147.215.142.175,4934,51449,TCP,584,ALLOW
219.187.207.14,198.148.169.153,4927,39933,ICMP,845,ALLOW
189.189.174.189,235.119.127.141,25764,18982,ICMP,525,ALLOW
50.107.54.243,56.164.57.20,3970,902,ICMP,1125,ALLOW
63.248.130.228,81.68.130.86,35734,22445,UDP,1045,ALLOW
50.134.20.72,217.164.215.48,4320,42059,TCP,223,ALLOW
166.17.131.88,146.114.88.84,41744,18062,ICMP,681,BLOCK
59.13.241.249,127.139.248.188,64658,2882,TCP,824,ALLOW
8.89.52.129,168.160.177.116,39877,29864,TCP,423,ALLOW
83.91.110.187,195.126.233.248,41910,45827,TCP,1146,BLOCK
198.171.252.7,70.85.246.32,20324,5623,ICMP,555,BLOCK
174.34.205.80,80.151.60.60,64542,57205,ICMP,1411,ALLOW
163.49.103.131,97.27.185.42,16429,1379,TCP,1255,ALLOW
1.253.133.53,168.166.85.176,34579,17633,UDP,596,ALLOW
105.3.53.220,16.97.197.237,20951,28312,TCP,1252,BLOCK
190.145.217.43,197.97.64.73,43042,5651,UDP,782,BLOCK
161.201.189.227,84.4.1.21,64141,45202,TCP,136,BLOCK
13.94.47.14,111.56.65.73,60843,55232,TCP,647,ALLOW
199.205.214.251,97.143.111.178,41790,42225,TCP,768,ALLOW
248.189.39.212,124.166.85.75,18294,59252,ICMP,124,ALLOW
207.236.81.110,87.238.167.37,6365,7037,UDP,514,ALLOW
52.23.153.216,187.58.137.98,63332,39256,UDP,65,ALLOW
251.187.123.236,191.242.62.48,35350,63213,TCP,842,ALLOW
40.156.14.44,191.31.134.20,692,50211,ICMP,1374,ALLOW
64.88.70.8,19.153.126.67,61364,60094,ICMP,1259,ALLOW
87.128.235.135,109.115.213.142,30063,51201,UDP,1001,ALLOW
215.62.138.242,119.231.212.78,932,22500,ICMP,979,ALLOW
80.135.162.162,213.115.91.13,45897,37017,UDP,864,ALLOW
32.122.4.233,154.124.232.167,57063,51629,UDP,468,ALLOW
230.249.40.27,57.27.25.112,31731,61361,UDP,555,ALLOW
134.200.71.11,190.65.152.247,14227,4604,ICMP,530,ALLOW
161.32.47.246,253.130.199.43,13862,27774,UDP,559,BLOCK
150.61.215.36,96.41.243.226,31302,61931,UDP,35,ALLOW
98.171.103.213,5.166.179.22,48244,19938,TCP,262,ALLOW
218.34.192.226,88.122.177.170,22767,12633,UDP,1250,ALLOW
100.174.205.130,146.196.50.10,36175,30608,UDP,931,ALLOW
0.4.217.246,247.11.73.7,63929,26338,TCP,1314,BLOCK
254.141.102.26,151.251.219.40,41108,221,TCP,780,ALLOW
136.206.14.89,163.228.84.71,50185,46995,ICMP,724,BLOCK
41.123.204.178,54.136.46.142,17696,63383,UDP,134,ALLOW
62.95.230.240,175.237.103.209,41348,4819,ICMP,1342,BLOCK
51.252.95.131,41.59.211.197,3122,56345,ICMP,416,ALLOW
221.228.150.230,11.129.6.79,18258,53776,TCP,413,BLOCK
236.142.170.28,130.108.2.26,28165,7350,ICMP,1118,ALLOW
35.12.159.70,113.106.39.229,25492,5619,UDP,997,ALLOW
186.242.85.27,160.219.128.246,59223,27465,TCP,1146,ALLOW
65.169.44.61,255.7.100.159,23166,42625,UDP,316,BLOCK
184.244.133.27,123.175.106.100,48715,56362,UDP,1021,ALLOW
27.107.43.83,3.221.197.109,3749,61331,TCP,197,ALLOW
29.189.74.127,245.18.31.136,33046,37345,UDP,1258,BLOCK
249.246.91.216,11.138.45.118,26554,60322,TCP,986,ALLOW
230.189.224.128,15.128.62.108,51012,18256,UDP,334,ALLOW
120.26.189.120,118.244.20.157,60381,24300,TCP,1082,ALLOW
115.204.232.2,12.161.3.155,44332,47976,ICMP,278,ALLOW
102.197.199.154,101.249.222.58,30498,1463,UDP,26,BLOCK
136.61.164.224,246.127.26.68,31309,54674,TCP,68,ALLOW
50.233.171.151,24.130.96.195,55082,15906,UDP,180,ALLOW
206.58.117.159,24.147.161.153,39561,24921,UDP,195,BLOCK
95.215.232.179,125.253.132.226,53866,16253,UDP,1045,ALLOW
112.61.240.185,188.219.220.8,46687,41005,TCP,1020,ALLOW
51.11.253.38,115.229.177.133,10375,40582,ICMP,474,ALLOW
129.130.112.100,210.59.171.120,4676,34837,ICMP,295,ALLOW
112.183.80.186,138.193.174.107,1171,5754,ICMP,517,ALLOW
112.1.129.219,107.200.212.215,41450,40006,TCP,695,BLOCK
53.86.228.223,225.213.130.75,43486,14176,ICMP,1071,ALLOW
224.128.146.125,219.29.217.239,58527,56169,TCP,1376,ALLOW
129.52.171.217,20.155.247.217,61824,6192,UDP,1044,ALLOW
159.197.159.246,189.160.212.162,12451,17899,UDP,1231,ALLOW
67.182.202.183,179.33.40.50,10681,18983,ICMP,75,BLOCK
122.144.254.37,174.81.57.74,10069,14623,TCP,566,BLOCK
23.68.115.97,184.22.175.127,54461,1002,UDP,1155,ALLOW
197.213.138.254,149.16.68.107,35231,50186,TCP,1353,ALLOW
239.143.96.200,138.93.14.90,46419,47646,TCP,55,ALLOW
123.186.69.207,162.32.211.124,26207,43001,UDP,458,ALLOW
92.2.147.251,15.161.65.226,62645,23284,TCP,614,ALLOW
186.163.146.89,167.247.155.46,288,57618,UDP,1368,ALLOW
194.254.146.147,166.197.200.147,22338,21436,UDP,326,ALLOW
95.198.51.232,123.0.199.246,20667,27224,UDP,638,ALLOW
160.167.127.38,86.127.190.66,51060,59124,TCP,1152,ALLOW
81.103.128.10,3.185.152.46,1162,37245,UDP,1415,ALLOW
219.184.216.177,37.142.190.20,49282,30025,TCP,376,ALLOW
150.158.221.41,226.56.116.180,55490,49631,UDP,200,ALLOW
98.6.251.143,45.243.141.227,35132,30735,UDP,1399,ALLOW
89.111.248.243,203.144.38.136,24536,516,ICMP,87,BLOCK
59.112.1.128,98.251.76.206,32529,45247,ICMP,311,ALLOW
47.253.139.196,209.114.224.133,38752,1192,ICMP,711,ALLOW
36.159.250.246,250.218.150.186,16528,32265,TCP,200,ALLOW
8.232.98.146,90.97.119.45,40976,43629,TCP,453,BLOCK
47.207.130.147,37.141.99.244,23854,46217,UDP,933,BLOCK
151.53.119.160,71.189.34.146,14759,6298,UDP,85,ALLOW
151.115.74.112,29.254.77.250,245,58756,UDP,1064,ALLOW
199.163.165.103,83.112.24.167,50079,27857,UDP,403,BLOCK
83.253.226.111,87.13.153.101,3179,49424,TCP,58,ALLOW
253.216.98.152,214.149.175.248,31832,8335,UDP,1328,ALLOW
92.145.127.109,82.109.178.130,2177,24163,UDP,841,ALLOW
81.193.53.162,169.18.200.27,37771,6009,ICMP,621,ALLOW
207.188.168.227,211.172.70.205,33655,7988,UDP,804,ALLOW
160.67.32.141,62.72.250.123,57685,62533,UDP,1379,ALLOW
20.47.147.247,118.120.251.18,26628,30967,UDP,1231,ALLOW
127.135.134.194,174.243.141.119,52551,3333,TCP,690,BLOCK
144.127.32.175,165.180.60.163,46490,788,ICMP,1286,ALLOW
203.186.114.213,167.208.29.8,44911,38991,UDP,1116,BLOCK
118.21.237.157,63.160.119.51,24882,9874,UDP,498,ALLOW
37.229.108.50,88.141.202.52,58252,17007,ICMP,580,ALLOW
181.7.26.26,226.232.186.77,35423,20226,UDP,120,ALLOW
225.20.29.96,221.40.195.250,11985,36445,TCP,533,BLOCK
27.110.191.224,67.219.7.1,23777,35341,UDP,195,ALLOW
196.251.60.47,104.124.109.85,61387,39684,TCP,257,ALLOW
146.3.34.191,168.119.126.254,17756,5034,TCP,929,BLOCK
48.255.16.171,182.15.220.61,7136,7789,UDP,1102,ALLOW
219.157.220.45,112.175.157.11,321,15690,ICMP,1142,BLOCK
116.5.98.123,34.10.63.237,37423,44221,TCP,890,ALLOW
232.36.23.92,49.212.254.148,28636,21599,ICMP,514,BLOCK
240.45.180.94,68.47.19.100,21685,37481,UDP,966,ALLOW
98.187.224.115,194.171.160.244,55914,29704,TCP,774,ALLOW
190.252.212.159,252.200.188.136,23239,67,UDP,1340,ALLOW
214.160.255.66,67.34.208.225,21890,48624,ICMP,230,ALLOW
127.17.24.233,215.223.64.7,30314,45247,UDP,1166,ALLOW
222.53.57.66,44.86.174.167,32536,7534,UDP,1272,ALLOW
103.173.23.113,75.181.75.173,48900,15104,TCP,1431,ALLOW
31.174.85.150,46.14.104.146,58476,4617,UDP,159,ALLOW
193.126.154.233,25.51.92.149,10771,46046,UDP,560,ALLOW
129.217.16.103,231.20.50.37,39322,50293,UDP,1434,ALLOW
160.136.42.245,19.248.156.178,20427,59659,TCP,289,BLOCK
175.38.220.169,131.54.198.91,44328,38499,ICMP,1055,ALLOW
246.25.98.49,27.3.149.75,41778,43493,ICMP,1432,ALLOW
152.151.12.59,172.66.85.235,46251,11773,UDP,1380,ALLOW
249.134.56.35,193.215.161.90,7499,23850,TCP,525,ALLOW
172.19.64.7,182.104.0.71,39405,49037,UDP,1149,ALLOW
255.237.143.141,86.165.5.213,40131,58532,ICMP,51,ALLOW
203.114.214.142,152.209.144.60,16396,53624,TCP,1117,ALLOW
91.97.65.31,11.5.217.26,49347,12941,ICMP,1214,BLOCK
214.190.85.50,135.210.123.105,2538,52492,ICMP,1112,ALLOW
152.185.62.189,192.184.92.108,19227,16933,TCP,832,ALLOW
124.149.57.57,240.98.167.141,15217,29770,TCP,381,ALLOW
85.48.179.169,34.175.236.83,18614,56828,UDP,1476,ALLOW
69.14.53.234,55.176.140.188,3010,61432,UDP,948,ALLOW
187.100.224.7,229.48.45.112,24369,24649,ICMP,119,ALLOW
52.59.235.107,189.135.42.147,29328,47412,TCP,28,ALLOW
4.102.195.5,123.96.89.38,14210,32967,TCP,716,ALLOW
108.223.115.93,84.244.176.191,48444,27778,UDP,1072,ALLOW
46.98.54.167,61.105.106.53,15030,59126,ICMP,1157,ALLOW
51.143.12.113,125.232.8.87,2078,32568,ICMP,481,BLOCK
123.105.157.146,36.48.40.16,13908,49724,UDP,940,ALLOW
144.119.62.18,87.20.50.58,56998,17175,TCP,1186,BLOCK
91.57.182.89,166.182.40.38,36636,42599,UDP,409,BLOCK
228.217.116.61,140.191.10.237,48921,59176,UDP,651,ALLOW
22.126.136.139,146.138.76.126,62560,59200,UDP,701,ALLOW
244.128.57.121,45.44.0.167,64893,13799,UDP,176,ALLOW
0.238.33.95,107.18.75.71,4874,65365,TCP,354,BLOCK
125.117.47.88,199.188.244.108,8636,17559,UDP,279,ALLOW
231.236.116.128,11.188.239.160,33066,61085,TCP,101,ALLOW
15.188.230.191,44.89.102.219,45864,44238,UDP,773,ALLOW
190.68.21.92,249.196.7.152,55009,65498,ICMP,1484,BLOCK
246.194.75.153,90.173.86.157,41805,179,TCP,1215,ALLOW
143.178.228.85,236.174.214.176,33784,51397,ICMP,1274,BLOCK
184.28.205.219,174.83.81.145,34153,20471,UDP,739,ALLOW
68.46.240.93,193.67.221.160,58742,17119,UDP,94,ALLOW
237.189.243.196,126.163.81.228,41514,22617,UDP,1313,ALLOW
203.143.217.217,146.238.155.167,51503,799,TCP,645,ALLOW
175.84.38.99,83.112.224.75,29093,7602,ICMP,81,ALLOW
32.253.221.100,121.242.142.40,17654,25364,TCP,893,ALLOW
22.249.9.245,166.1.190.28,32464,2796,TCP,339,BLOCK
68.99.33.179,104.201.193.50,34029,31927,UDP,121,ALLOW
222.137.249.146,74.204.9.141,40470,45265,ICMP,1472,BLOCK
185.95.0.247,209.50.117.200,57529,37357,UDP,893,ALLOW
68.236.3.15,120.38.27.2,20948,7298,TCP,973,BLOCK
23.79.246.1,83.197.154.116,56050,64153,UDP,274,ALLOW
240.219.127.159,1.92.165.130,59755,3085,ICMP,589,BLOCK
218.83.151.139,143.93.39.1,29979,30330,UDP,131,BLOCK
177.162.123.32,80.168.253.11,22057,11111,ICMP,1004,ALLOW
160.188.178.170,162.234.64.54,29008,732,ICMP,1356,ALLOW
100.11.66.64,44.206.217.100,43170,1130,UDP,1017,ALLOW
160.167.73.42,212.61.48.126,48288,28023,TCP,480,ALLOW
43.28.140.11,222.152.22.151,54746,1606,UDP,727,BLOCK
94.45.129.252,248.37.27.20,44633,11971,TCP,906,ALLOW
242.241.34.214,181.106.145.163,48450,43706,TCP,1135,ALLOW
80.89.7.92,98.172.118.72,55308,44131,UDP,1095,ALLOW
153.201.89.253,180.229.121.29,5544,29266,TCP,539,BLOCK
161.114.104.134,187.107.97.31,56393,32331,TCP,831,BLOCK
195.57.244.113,194.194.155.171,21068,2934,UDP,1141,ALLOW
236.74.156.119,78.40.62.22,51034,15188,UDP,255,ALLOW
163.216.20.252,103.74.47.159,45257,25792,UDP,1417,ALLOW
248.163.137.100,249.250.56.117,25098,24901,TCP,946,ALLOW
200.151.191.226,99.123.160.151,42848,5075,ICMP,576,ALLOW
176.98.239.35,166.33.183.155,43513,46806,TCP,668,ALLOW
209.240.230.95,164.6.195.164,3810,26427,ICMP,253,ALLOW
151.150.189.223,55.64.192.46,22192,39868,UDP,1075,ALLOW
36.11.112.182,147.18.156.201,21268,50643,ICMP,1332,ALLOW
12.22.216.98,187.145.219.162,7207,894,UDP,598,ALLOW
104.29.16.112,170.238.222.218,53308,34159,UDP,561,ALLOW
61.83.111.216,125.138.48.112,21058,19774,ICMP,133,ALLOW
85.140.186.18,37.63.68.135,28993,4240,UDP,223,ALLOW
176.99.139.188,161.175.115.183,46515,20864,ICMP,1072,ALLOW
232.146.75.8,203.229.64.30,15996,51416,UDP,662,ALLOW
198.27.205.222,131.112.108.177,48804,3433,TCP,493,ALLOW
127.51.82.249,68.157.119.87,44440,35140,TCP,716,BLOCK
110.143.116.68,186.66.74.44,63478,60431,UDP,272,ALLOW
98.139.24.179,3.153.154.173,13211,53465,UDP,924,ALLOW
122.212.227.52,245.106.191.218,17794,1516,ICMP,405,ALLOW
150.143.56.38,233.50.49.5,26271,31671,TCP,81,ALLOW
108.180.41.185,58.124.142.244,62009,48675,ICMP,534,ALLOW
166.141.222.121,29.169.228.121,5198,39095,UDP,449,ALLOW
132.162.214.220,124.36.169.123,48322,14606,UDP,599,ALLOW
234.74.145.238,100.34.86.133,7453,56241,ICMP,1184,ALLOW
75.8.73.185,195.17.251.200,41487,5587,UDP,762,ALLOW
235.144.252.229,112.28.76.58,14860,35686,TCP,1343,ALLOW
6.173.140.167,174.125.243.144,27237,54884,ICMP,694,ALLOW
169.136.177.26,108.223.239.21,31900,56839,TCP,330,ALLOW
121.193.4.28,67.68.164.232,32084,48670,TCP,490,ALLOW
164.165.82.135,48.140.161.108,2173,31187,TCP,1436,BLOCK
239.108.64.85,85.52.122.86,45927,26929,ICMP,1488,ALLOW
243.144.254.70,178.130.41.97,16664,32729,UDP,828,ALLOW
216.44.131.35,159.108.50.249,27541,17552,TCP,191,BLOCK
69.251.158.18,240.84.173.126,53130,57455,TCP,595,ALLOW
188.107.181.166,235.20.43.138,19054,21494,TCP,50,ALLOW
90.201.89.18,102.67.242.128,11086,20712,UDP,66,ALLOW
38.125.194.172,91.190.23.124,30565,54963,UDP,149,BLOCK
140.241.219.125,226.140.110.97,24210,20040,ICMP,371,BLOCK
57.147.219.199,138.227.178.252,59096,36562,UDP,997,ALLOW
60.126.104.166,16.98.251.81,3982,9948,ICMP,77,ALLOW
0.130.204.91,103.213.248.151,21154,32336,ICMP,1149,ALLOW
189.248.190.251,249.18.164.230,5248,15860,ICMP,831,ALLOW
112.152.55.160,84.7.27.4,10554,23123,ICMP,1373,ALLOW
165.116.133.57,144.100.163.117,20812,1578,ICMP,787,ALLOW
43.172.159.172,146.254.63.90,29846,42257,TCP,702,ALLOW
60.46.148.79,116.97.10.53,6136,28351,UDP,1426,ALLOW
117.212.202.251,172.46.139.245,5574,51373,TCP,1205,ALLOW
228.163.226.146,148.245.138.230,53284,41933,ICMP,1016,ALLOW
19.184.145.46,219.4.208.183,59053,33799,UDP,305,ALLOW
232.48.13.142,19.168.45.249,13732,31899,TCP,1114,BLOCK
158.0.116.53,11.69.16.114,7190,15882,TCP,1497,ALLOW
117.2.143.214,146.153.47.107,14542,10786,ICMP,905,ALLOW
184.202.11.73,235.51.95.69,43647,6692,TCP,416,ALLOW
223.15.199.101,254.182.249.227,11088,53145,TCP,45,ALLOW
203.151.155.116,101.74.160.189,65469,61958,TCP,332,BLOCK
7.121.91.163,215.150.142.154,46436,65432,TCP,145,ALLOW
89.135.185.59,202.191.248.242,53688,17298,TCP,1451,ALLOW
177.27.219.100,241.208.178.180,2777,6359,ICMP,1241,ALLOW
40.227.191.154,205.218.81.91,42080,51334,ICMP,830,ALLOW
245.190.144.200,178.174.254.238,65441,63773,TCP,207,BLOCK
160.244.211.204,3.134.108.162,27565,19582,ICMP,717,ALLOW
219.239.156.140,47.254.72.71,28836,55193,ICMP,829,ALLOW
45.34.252.133,115.172.80.80,61588,1463,UDP,735,ALLOW
81.114.255.196,112.224.95.71,7698,63313,TCP,469,ALLOW
46.152.193.9,146.62.37.66,14630,64174,ICMP,542,BLOCK
55.29.241.250,186.68.12.174,8387,15512,ICMP,1397,ALLOW
108.4.118.247,237.188.30.246,17047,10571,TCP,1005,BLOCK
32.117.64.145,207.113.223.21,57824,48666,UDP,677,ALLOW
223.238.176.10,92.213.170.66,8045,44415,TCP,616,ALLOW
84.25.62.216,53.137.41.63,53371,15475,UDP,119,ALLOW
85.58.26.176,125.20.207.203,9616,7038,TCP,635,ALLOW
204.160.97.104,193.168.151.34,47803,28130,TCP,967,ALLOW
98.254.128.148,183.29.56.221,5061,42268,TCP,575,ALLOW
239.54.5.219,46.162.18.113,64964,54147,TCP,297,ALLOW
208.196.94.132,7.25.112.231,10901,13387,UDP,510,ALLOW
101.2.180.22,70.29.134.66,60520,58534,UDP,274,ALLOW
228.52.164.201,64.35.24.36,55027,54461,ICMP,400,ALLOW
201.82.144.84,0.142.36.140,5582,6222,TCP,911,ALLOW
77.200.109.0,231.135.132.187,61159,23475,UDP,561,ALLOW
50.172.204.3,127.200.126.0,34783,40538,UDP,1307,ALLOW
189.192.112.231,163.34.193.190,20174,49840,UDP,844,BLOCK
31.33.91.94,103.22.8.33,12998,47125,TCP,898,ALLOW
71.38.153.249,173.205.127.3,43404,21046,ICMP,1372,BLOCK
161.181.117.2,157.222.101.74,58256,25784,UDP,1158,ALLOW
122.49.11.192,98.71.2.141,46417,51047,TCP,1319,ALLOW
53.235.132.221,187.204.172.223,7149,40158,UDP,300,ALLOW
221.250.56.144,33.44.60.82,56919,4923,UDP,1318,ALLOW
111.254.46.150,122.101.15.65,60558,46408,ICMP,792,ALLOW
206.228.84.141,167.144.118.161,18749,22707,UDP,862,ALLOW
65.74.178.102,233.123.143.101,14023,42772,UDP,738,ALLOW
165.191.251.225,187.65.193.217,20014,52336,TCP,347,ALLOW
37.49.97.81,12.183.110.158,38688,32480,TCP,230,ALLOW
29.78.90.178,251.33.38.194,15887,52950,ICMP,746,BLOCK
190.225.51.248,135.214.205.119,54828,5179,TCP,942,ALLOW
165.224.215.78,125.54.26.117,60817,30023,TCP,571,ALLOW
251.29.246.105,220.230.52.38,25257,15241,ICMP,45,ALLOW
50.80.132.28,64.144.232.157,30006,26221,UDP,46,ALLOW
131.137.183.144,180.12.20.146,6639,36737,ICMP,721,ALLOW
73.16.251.83,52.18.56.24,37420,2717,TCP,1126,ALLOW
215.68.33.5,213.30.80.182,33378,16575,ICMP,701,BLOCK
52.193.204.125,22.31.189.73,40709,46280,UDP,432,ALLOW
234.42.239.202,9.227.199.53,43117,17720,ICMP,186,ALLOW
114.110.248.150,51.147.159.113,36635,8182,TCP,188,BLOCK
182.79.94.202,13.177.155.109,16756,45764,TCP,248,BLOCK
117.143.7.131,243.52.151.78,23383,44067,ICMP,386,ALLOW
103.131.183.24,21.29.190.3,49768,49531,UDP,547,BLOCK
194.95.194.154,204.58.214.7,56064,61827,ICMP,810,ALLOW
92.159.177.60,209.11.118.158,22395,20214,UDP,543,BLOCK
121.50.146.20,205.33.81.247,2254,6381,UDP,1115,ALLOW
4.209.91.169,97.126.74.104,37711,616,ICMP,125,ALLOW
60.21.148.69,203.48.78.184,45099,62983,UDP,751,ALLOW
0.132.232.11,222.240.249.92,865,51483,TCP,984,ALLOW
89.45.33.176,153.17.95.213,34037,63489,ICMP,1325,ALLOW
77.217.44.154,37.208.86.87,40223,50907,UDP,152,ALLOW
72.25.248.46,49.7.168.133,13667,464,TCP,553,ALLOW
120.213.238.55,68.171.120.63,58129,31974,ICMP,994,ALLOW
93.106.62.47,156.155.138.120,20956,9159,TCP,288,ALLOW
60.80.25.35,64.106.146.136,45139,20652,TCP,1455,ALLOW
0.7.112.98,154.161.171.195,37998,3159,TCP,692,ALLOW
252.179.206.46,99.81.142.50,16310,20009,UDP,810,ALLOW
126.55.213.13,140.82.176.197,51390,46203,ICMP,37,BLOCK
217.27.214.77,111.55.203.178,4055,4939,ICMP,136,ALLOW
215.129.108.153,164.144.185.214,62240,38186,UDP,817,ALLOW
13.186.55.114,217.156.160.59,936,22389,ICMP,1187,ALLOW
6.2.110.150,218.216.119.182,44941,65441,TCP,570,ALLOW
237.106.238.251,137.174.22.212,22779,8882,ICMP,948,ALLOW
236.17.249.37,148.234.12.100,57044,59967,UDP,772,ALLOW
226.114.14.191,160.23.107.10,43299,5604,TCP,441,BLOCK
216.118.228.27,16.195.174.24,63109,34981,UDP,1412,ALLOW
201.38.184.16,93.200.20.83,48329,22505,TCP,665,ALLOW
230.85.217.125,210.210.139.36,48925,54971,TCP,577,ALLOW
43.24.144.12,41.144.100.245,16710,16767,ICMP,69,BLOCK
211.24.67.137,47.102.27.255,9727,51409,TCP,697,ALLOW
66.232.108.145,40.98.46.239,60825,28387,UDP,125,ALLOW
110.227.110.213,145.255.205.226,40543,11696,ICMP,1259,ALLOW
33.110.7.167,235.104.123.198,20246,17797,UDP,677,ALLOW
112.235.82.41,232.12.209.228,34754,42544,TCP,1468,ALLOW
168.100.5.179,140.99.30.129,14253,14560,UDP,1115,ALLOW
25.63.225.186,15.136.72.165,21317,38915,UDP,1007,BLOCK
183.58.108.197,202.53.183.213,37372,33140,TCP,861,ALLOW
228.120.32.180,224.99.108.86,19163,54959,ICMP,465,ALLOW
149.20.197.69,172.236.161.136,15961,38334,UDP,1229,ALLOW
246.111.3.93,215.7.6.35,30792,8803,TCP,89,ALLOW
74.189.61.93,17.2.27.69,42231,8308,ICMP,169,ALLOW
94.151.54.136,235.171.148.27,25217,40206,ICMP,1289,ALLOW
246.130.242.30,231.53.181.64,32468,33215,ICMP,793,ALLOW
39.228.35.151,99.20.251.234,64428,34160,UDP,1142,ALLOW
222.5.65.211,226.12.56.48,46935,11517,UDP,1321,ALLOW
219.74.3.78,117.53.137.52,62048,50493,UDP,963,ALLOW
133.117.112.93,43.46.52.73,7755,29087,ICMP,474,BLOCK
247.229.178.61,45.12.164.101,47015,48223,UDP,1147,ALLOW
184.193.78.202,23.1.213.80,4079,30481,TCP,965,ALLOW
135.25.178.172,99.141.137.162,12854,52092,UDP,620,ALLOW
43.132.69.153,152.130.110.101,50520,62488,UDP,672,ALLOW
117.67.18.211,16.11.181.115,4043,44660,ICMP,744,BLOCK
224.19.112.139,23.28.170.152,49053,47767,UDP,252,ALLOW
46.0.89.141,227.121.187.89,14390,38738,TCP,1437,ALLOW
63.37.36.125,229.64.83.118,30426,9266,ICMP,270,ALLOW
138.254.99.76,155.15.174.208,2576,48630,TCP,98,ALLOW
234.2.160.133,103.91.185.203,39523,53966,ICMP,1095,ALLOW
177.247.9.4,26.245.180.169,28180,52722,ICMP,917,ALLOW
150.137.171.129,186.174.221.232,50734,5455,UDP,940,BLOCK
12.167.129.83,161.164.133.134,34755,35919,TCP,800,BLOCK
64.62.100.72,223.223.244.152,18625,26182,ICMP,245,ALLOW
16.8.202.142,32.54.185.6,20351,15387,UDP,1094,ALLOW
151.37.246.162,243.56.125.11,26682,39183,ICMP,1229,BLOCK
93.94.48.68,15.207.42.116,23989,37426,ICMP,1077,ALLOW
61.187.235.177,227.204.134.227,15471,56100,ICMP,822,ALLOW
77.116.119.202,110.50.200.159,24705,43255,ICMP,761,ALLOW
136.161.75.226,74.7.224.214,38737,24328,ICMP,150,BLOCK
34.0.39.63,216.247.199.44,29378,52815,ICMP,1042,BLOCK
149.59.63.92,213.58.131.103,28573,53635,UDP,651,ALLOW
71.10.104.228,194.156.232.156,58196,21182,ICMP,1486,ALLOW
13.59.29.34,97.225.155.204,7494,47663,TCP,857,ALLOW
212.164.4.82,78.123.214.171,4104,21453,UDP,778,ALLOW
122.77.153.61,217.3.89.103,34845,38249,TCP,1475,ALLOW
131.88.236.41,136.118.132.55,54384,40802,ICMP,723,ALLOW
88.145.39.71,95.211.177.74,2995,33752,TCP,516,ALLOW
38.103.13.31,142.31.27.21,3745,21992,ICMP,1446,BLOCK
178.124.165.96,232.16.58.89,47235,41312,ICMP,342,ALLOW
22.62.142.224,235.198.105.184,47292,9917,UDP,1253,ALLOW
152.144.224.238,25.24.137.250,63139,10144,UDP,634,ALLOW
246.193.205.52,44.82.10.204,27333,25856,ICMP,348,ALLOW
103.103.178.38,180.199.103.67,5595,15582,UDP,1415,ALLOW
178.197.133.66,238.94.155.202,40300,1908,TCP,152,BLOCK
134.178.199.41,234.64.48.174,7372,29425,UDP,854,BLOCK
191.243.14.110,51.101.215.181,47316,23309,UDP,670,ALLOW
156.32.243.221,187.56.46.158,18029,41985,TCP,140,ALLOW
230.154.163.156,232.173.241.25,61716,41506,UDP,625,BLOCK
37.184.96.252,240.113.4.83,35913,46526,ICMP,1495,ALLOW
228.154.182.32,51.104.202.247,13991,36943,TCP,984,ALLOW
253.195.85.65,53.160.177.165,46852,62700,ICMP,148,ALLOW
9.4.122.73,154.225.14.223,16627,26958,TCP,1134,BLOCK
96.117.37.140,60.121.20.45,20470,25465,ICMP,48,ALLOW
158.46.227.108,196.133.37.61,40723,48477,ICMP,741,ALLOW
215.179.183.14,85.189.209.77,40038,23650,UDP,352,BLOCK
156.135.4.156,201.45.140.222,7131,42066,ICMP,1340,ALLOW
46.67.75.172,221.2.221.5,6829,27126,UDP,1173,ALLOW
129.154.94.114,92.7.171.236,57515,34759,TCP,1336,ALLOW
242.163.35.25,234.107.160.208,41613,5597,ICMP,1216,BLOCK
42.26.68.147,239.74.76.49,46989,16375,ICMP,963,ALLOW
10.253.73.103,10.94.155.235,39100,53151,TCP,1067,BLOCK
37.133.199.22,69.168.15.67,52665,3776,TCP,1142,ALLOW
46.89.45.106,98.251.47.183,46166,27389,ICMP,1449,ALLOW
139.217.140.103,63.186.89.189,17884,58265,TCP,375,BLOCK
189.209.216.224,248.75.138.100,43060,21030,UDP,158,ALLOW
110.103.59.170,88.17.18.214,18543,18446,TCP,1217,ALLOW
203.235.99.239,54.101.117.209,42933,53640,TCP,48,ALLOW
67.132.119.36,153.133.3.107,64365,48475,ICMP,950,ALLOW
71.126.105.240,114.28.58.124,61270,14646,UDP,515,ALLOW
91.30.121.136,97.16.106.42,54315,31106,TCP,1033,ALLOW
245.50.28.205,244.79.193.161,10451,64721,UDP,674,ALLOW
39.40.213.10,246.7.140.105,20424,13669,UDP,847,BLOCK
150.0.45.100,7.221.95.227,2036,62414,UDP,370,ALLOW
148.89.109.163,238.93.64.170,44232,15961,ICMP,573,BLOCK
181.214.56.0,38.80.186.83,40746,60984,TCP,318,ALLOW
62.181.54.114,87.241.85.92,17242,11358,ICMP,1235,ALLOW
167.142.148.174,85.43.136.164,52976,64605,TCP,83,ALLOW
200.52.136.201,73.35.100.219,23155,37204,TCP,774,ALLOW
179.56.116.153,255.155.169.254,25626,51797,ICMP,789,ALLOW
168.34.62.243,170.212.215.169,44951,15805,UDP,1258,ALLOW
24.89.74.37,251.103.65.54,33067,62197,UDP,853,BLOCK
129.134.209.218,199.175.90.21,56397,50198,TCP,185,BLOCK
161.90.16.127,100.154.120.92,33692,14627,ICMP,1275,ALLOW
170.186.107.250,194.107.140.172,53385,28133,UDP,1238,BLOCK
178.181.151.24,9.227.8.181,13332,7952,UDP,525,ALLOW
198.179.197.244,247.246.154.33,63928,6450,TCP,1377,ALLOW
87.160.176.28,242.128.159.88,20691,19066,TCP,812,BLOCK
62.234.149.153,92.70.240.66,19184,35968,ICMP,1347,ALLOW
155.113.212.48,211.147.116.93,63015,39537,TCP,852,ALLOW
198.80.83.104,162.98.112.102,39347,9131,UDP,1480,ALLOW
176.147.117.85,90.89.205.16,4876,23825,UDP,1366,ALLOW
219.62.188.103,17.172.115.92,54479,62288,UDP,877,ALLOW
48.70.0.223,211.180.90.81,12255,41402,UDP,1436,ALLOW
140.221.214.178,67.192.113.0,55735,51703,ICMP,825,BLOCK
122.183.210.61,57.153.108.147,28622,36994,ICMP,1192,ALLOW
31.157.28.48,115.86.9.58,50955,31876,TCP,780,ALLOW
172.220.29.143,202.40.104.132,10906,49749,TCP,852,ALLOW
167.18.17.0,121.192.144.21,46122,6055,TCP,1448,ALLOW
77.114.174.241,97.247.236.168,61851,34274,ICMP,302,ALLOW
193.245.219.112,220.67.196.255,15883,41822,UDP,1405,ALLOW
113.221.165.178,138.55.178.148,60198,48518,TCP,398,BLOCK
62.131.128.7,98.75.25.114,19042,10833,UDP,217,BLOCK
156.54.102.130,146.108.187.198,29099,29671,TCP,1034,BLOCK
31.9.201.210,46.246.70.153,52499,49113,TCP,1043,BLOCK
109.161.123.224,39.132.148.205,42432,22853,TCP,575,ALLOW
86.54.219.31,131.22.105.83,52102,23621,TCP,375,BLOCK
177.134.92.7,142.241.115.108,33710,28308,TCP,1472,ALLOW
64.56.246.66,220.135.40.111,34676,47552,UDP,1060,ALLOW
215.214.186.254,146.111.102.45,4838,1552,TCP,658,ALLOW
252.71.53.248,155.237.248.218,46449,47923,UDP,398,ALLOW
238.228.66.50,67.121.14.226,24490,63081,ICMP,699,ALLOW
96.91.238.7,164.128.194.110,17628,27813,TCP,525,BLOCK
161.34.95.87,23.26.39.190,5697,13800,UDP,918,ALLOW
77.31.119.45,188.163.225.220,48995,26313,ICMP,95,ALLOW
234.143.195.243,23.23.233.3,13544,39621,ICMP,250,ALLOW
164.181.212.141,66.33.184.176,12616,1450,ICMP,981,ALLOW
222.54.175.209,214.180.247.115,1467,65209,UDP,1291,ALLOW
6.73.6.160,22.108.68.94,30772,55106,TCP,321,ALLOW
150.84.146.111,253.180.61.168,53110,57609,TCP,745,ALLOW
124.146.35.28,56.252.248.187,18351,24427,UDP,234,ALLOW
187.81.1.128,53.69.100.56,376,35428,TCP,1201,ALLOW
46.196.147.10,137.167.134.102,33031,40278,UDP,88,ALLOW
233.254.129.194,165.84.60.211,20747,31552,TCP,412,ALLOW
214.118.139.19,2.127.178.85,22887,24278,ICMP,1128,ALLOW
4.36.165.255,46.195.219.75,44349,56598,TCP,286,ALLOW
221.136.225.52,37.242.254.163,60740,35490,UDP,1112,ALLOW
171.98.243.249,238.168.196.140,42905,58807,UDP,630,ALLOW
85.107.23.80,86.57.49.29,32652,45213,ICMP,1390,ALLOW
201.157.119.58,189.100.24.111,7834,9638,UDP,1028,ALLOW
237.214.127.223,154.178.205.184,1894,43259,TCP,981,ALLOW
208.113.114.208,125.239.122.46,30574,35694,TCP,747,ALLOW
13.8.39.193,117.227.38.15,31372,9825,ICMP,692,ALLOW
236.24.102.200,247.21.212.53,40875,64018,UDP,442,BLOCK
245.21.234.237,148.199.240.15,11827,26951,ICMP,1217,BLOCK
3.153.185.28,58.246.30.169,34421,23489,TCP,134,ALLOW
108.97.214.36,201.31.186.161,21925,62335,ICMP,239,ALLOW
74.69.145.127,254.253.8.208,61486,39009,UDP,50,ALLOW
84.41.99.40,138.223.9.213,53045,49665,ICMP,1386,BLOCK
165.33.16.164,248.16.67.47,33368,216,UDP,1420,BLOCK
152.229.121.75,179.110.152.122,21200,40068,UDP,1173,ALLOW
86.116.105.85,148.100.101.240,51065,11524,TCP,636,BLOCK
212.26.56.30,64.190.216.50,25869,10365,TCP,558,ALLOW
133.218.167.97,35.80.232.126,8793,3154,TCP,758,ALLOW
11.236.248.52,87.193.103.14,57725,23835,UDP,1045,ALLOW
198.137.172.144,95.166.122.197,20598,34475,ICMP,890,ALLOW
153.212.219.189,0.238.150.121,36406,43067,UDP,120,BLOCK
121.45.63.129,166.252.125.56,32697,34336,TCP,1101,ALLOW
251.53.106.192,80.161.250.168,43124,10401,TCP,1432,ALLOW
50.180.35.114,220.72.140.69,15990,59676,ICMP,711,BLOCK
25.28.148.10,5.83.51.244,28932,10346,TCP,960,BLOCK
39.10.255.163,2.80.62.48,9291,33897,TCP,360,ALLOW
112.186.38.231,75.111.174.108,38368,19895,TCP,880,ALLOW
226.53.97.54,182.191.64.80,55601,28900,ICMP,1063,ALLOW
110.151.245.149,194.217.14.99,14343,40636,UDP,1298,ALLOW
68.55.32.249,31.95.127.195,24942,28230,TCP,1360,BLOCK
35.238.147.210,145.112.82.42,13946,51518,ICMP,57,BLOCK
226.243.234.80,115.162.231.77,10763,5584,TCP,679,ALLOW
189.250.108.234,57.32.13.161,60764,4898,ICMP,1429,ALLOW
225.200.153.193,188.246.131.215,30134,54871,TCP,947,ALLOW
244.72.200.39,58.156.82.133,47081,6002,ICMP,1069,BLOCK
16.128.216.60,120.224.176.167,40151,43882,TCP,473,ALLOW
170.103.41.24,82.244.192.196,27053,4568,UDP,1366,ALLOW
38.34.130.241,26.79.133.231,41751,9272,TCP,756,ALLOW
228.107.171.178,12.239.63.189,19954,64113,ICMP,838,ALLOW
221.101.97.11,226.146.203.79,40476,47117,TCP,792,ALLOW
18.100.43.186,122.42.201.88,17131,11704,UDP,32,ALLOW
250.48.188.16,147.94.195.171,31087,13330,TCP,934,BLOCK
73.56.54.240,150.1.119.21,57657,35510,ICMP,940,BLOCK
46.11.61.79,114.56.228.71,4634,52173,ICMP,844,ALLOW
215.82.7.222,6.205.183.118,17305,6257,UDP,390,ALLOW
148.80.214.228,194.113.15.246,42038,229,ICMP,1334,ALLOW
117.207.197.199,82.178.209.243,32285,24747,TCP,351,ALLOW
24.209.88.11,207.71.123.224,46547,16679,TCP,280,ALLOW
142.58.153.232,112.11.125.52,7009,37053,TCP,1248,BLOCK
108.25.46.31,74.132.26.139,48292,57770,ICMP,716,ALLOW
9.15.198.144,144.133.96.4,27406,46033,TCP,706,ALLOW
150.25.212.85,56.155.77.68,51534,46159,TCP,969,BLOCK
249.134.13.78,117.119.58.32,36387,23186,TCP,406,BLOCK
116.6.136.114,61.49.111.232,25374,33687,UDP,840,ALLOW
175.71.241.58,18.213.196.122,20828,11446,ICMP,487,ALLOW
214.220.81.222,193.221.46.166,33041,33267,ICMP,1458,ALLOW
221.115.166.226,195.32.140.83,60355,63262,ICMP,88,ALLOW
145.186.233.102,181.134.78.214,13008,2810,UDP,1147,ALLOW
16.13.158.151,13.214.146.127,18158,37730,ICMP,1204,ALLOW
226.107.187.44,53.220.247.147,32158,41786,UDP,219,BLOCK
97.130.36.170,28.23.81.62,35316,36548,UDP,235,ALLOW
167.217.182.214,201.104.56.135,35933,42819,ICMP,231,ALLOW
107.38.14.119,217.61.156.201,21165,34887,TCP,527,ALLOW
240.3.92.213,16.65.5.57,14415,6392,TCP,35,ALLOW
152.140.209.160,68.155.61.168,62062,146,ICMP,903,BLOCK
15.236.169.107,196.81.217.211,14328,13930,ICMP,351,ALLOW
125.193.54.226,168.176.218.176,48345,24327,UDP,736,ALLOW
169.33.157.250,203.70.250.130,947,29992,ICMP,570,ALLOW
246.12.140.17,9.97.88.34,14694,47686,UDP,961,ALLOW
159.95.226.122,207.1.123.23,27242,37334,ICMP,275,ALLOW
38.45.243.28,73.165.21.153,49659,60922,TCP,1011,ALLOW
189.240.220.61,170.182.38.218,30255,16577,TCP,747,ALLOW
244.235.184.15,156.238.229.19,15541,54340,ICMP,899,ALLOW
183.235.238.120,218.40.181.147,6720,39406,UDP,834,ALLOW
9.157.152.254,107.146.83.226,64758,28465,TCP,1215,BLOCK
102.83.132.64,110.65.157.52,41204,8244,UDP,668,BLOCK
221.176.2.172,33.149.66.133,25082,31602,ICMP,1019,ALLOW
141.119.157.241,206.26.9.72,61862,2411,ICMP,490,ALLOW
67.145.189.36,224.95.47.69,64832,1821,TCP,1427,ALLOW
152.175.192.180,232.186.99.58,11351,52117,ICMP,709,ALLOW
237.206.72.142,251.1.156.195,55513,35290,TCP,719,ALLOW
48.120.87.195,64.82.153.216,56810,59214,UDP,526,BLOCK
139.186.249.36,9.52.78.58,36359,51721,TCP,1011,BLOCK
60.228.170.123,149.178.47.148,32022,38651,TCP,1029,ALLOW
197.38.183.62,122.247.21.99,42833,62895,UDP,823,ALLOW
45.87.10.61,97.157.24.236,28370,34636,TCP,850,BLOCK
76.225.152.198,27.192.112.44,31729,7466,TCP,1368,BLOCK
51.3.58.71,67.6.48.136,17577,56755,ICMP,233,ALLOW
147.92.62.53,163.82.128.137,29002,32440,UDP,1251,ALLOW
116.242.236.109,163.72.236.45,62090,27315,TCP,188,ALLOW
73.106.225.56,105.159.31.5,17849,44230,UDP,1373,ALLOW
217.168.240.249,175.165.144.73,391,19584,UDP,1323,ALLOW
2.119.5.4,113.26.53.177,22000,27156,TCP,997,ALLOW
4.53.46.214,162.243.250.84,45437,38872,ICMP,1348,ALLOW
176.8.98.19,126.152.155.110,11570,62875,UDP,165,ALLOW
121.240.60.122,14.131.92.122,13030,12198,TCP,535,ALLOW
233.162.177.81,72.154.153.146,22491,29512,UDP,1133,ALLOW
61.144.215.2,247.91.16.42,45876,15425,ICMP,472,BLOCK
159.226.229.12,120.40.169.177,58017,48822,ICMP,79,BLOCK
119.124.238.88,211.236.167.38,35329,241,ICMP,1354,ALLOW
72.67.141.100,112.244.150.110,5868,52593,TCP,547,ALLOW
97.10.104.183,223.179.46.255,15285,4632,TCP,1270,BLOCK
66.122.219.28,62.224.248.109,33980,9600,ICMP,1043,ALLOW
136.194.152.225,68.42.175.33,9122,44463,TCP,493,ALLOW
75.169.8.206,39.202.60.177,1540,61383,ICMP,776,ALLOW
39.24.4.138,194.61.57.160,25489,24659,TCP,801,ALLOW
186.225.215.123,74.15.81.93,17028,37846,ICMP,1122,ALLOW
206.37.71.250,47.246.137.81,61867,32575,UDP,452,BLOCK
132.175.89.145,37.126.18.163,8694,36537,ICMP,1196,ALLOW
197.36.59.175,186.62.76.247,8922,41911,ICMP,420,ALLOW
204.27.196.204,173.130.201.101,50436,7996,TCP,1322,BLOCK
80.113.39.44,64.246.119.90,56833,25187,TCP,76,ALLOW
223.61.92.114,237.7.178.237,10311,29246,TCP,1022,ALLOW
185.66.55.39,233.208.72.252,63966,22814,TCP,205,ALLOW
97.39.90.204,133.106.88.38,56498,13277,TCP,417,ALLOW
236.32.5.215,112.187.27.96,45513,19990,TCP,624,ALLOW
146.79.167.91,181.36.136.81,30909,12747,UDP,807,ALLOW
96.58.58.47,55.186.84.1,4387,44244,ICMP,177,ALLOW
168.12.106.44,188.57.106.122,32264,18558,ICMP,1402,ALLOW
88.180.169.99,187.229.249.167,28413,28061,ICMP,1483,ALLOW
190.154.165.187,163.113.251.106,17304,58867,UDP,608,ALLOW
6.132.234.44,36.78.91.17,12243,6569,ICMP,485,ALLOW
57.248.242.30,97.62.149.255,51492,35370,UDP,465,ALLOW
22.169.137.159,138.185.184.204,47026,19042,UDP,820,ALLOW
106.180.157.38,3.213.255.134,8948,6081,UDP,1116,BLOCK
158.81.99.1,60.106.53.87,46715,13855,ICMP,948,ALLOW
205.76.220.11,67.219.206.128,5931,56478,UDP,36,ALLOW
38.193.223.12,54.2.205.165,38171,2160,ICMP,750,ALLOW
45.154.112.232,241.120.128.101,54816,27026,ICMP,345,ALLOW
16.103.222.97,37.84.239.156,59214,52983,TCP,1014,ALLOW
187.191.87.108,132.240.201.91,61817,41082,TCP,632,BLOCK
162.239.69.210,20.241.198.194,48786,4369,UDP,565,BLOCK
157.198.73.232,108.46.83.82,54428,34086,UDP,615,ALLOW
223.225.62.155,34.195.68.128,508,53646,ICMP,940,ALLOW
59.78.221.36,195.139.187.26,1437,27095,UDP,861,ALLOW
220.21.195.147,55.233.22.152,27152,46041,UDP,1245,ALLOW
95.227.241.67,20.60.62.121,11619,1231,ICMP,363,ALLOW
218.191.16.11,51.87.152.236,8751,17518,UDP,878,ALLOW
149.144.137.117,54.45.31.54,16123,23992,UDP,1443,BLOCK
192.21.217.119,95.132.35.109,7355,1302,ICMP,1261,ALLOW
250.209.49.13,233.176.105.57,44063,28611,ICMP,464,ALLOW
191.174.28.203,38.79.96.112,30980,15928,TCP,241,ALLOW
163.250.226.179,212.60.136.5,20901,34679,ICMP,1426,ALLOW
124.203.6.28,242.108.34.38,13841,24467,TCP,611,ALLOW
138.32.133.110,149.168.117.4,52775,14905,UDP,1050,BLOCK
78.159.178.202,169.86.208.75,37168,40876,ICMP,1315,ALLOW
57.214.25.225,214.207.194.157,5038,26082,ICMP,1037,ALLOW
173.225.28.3,56.126.213.200,28634,24355,ICMP,35,ALLOW
208.98.140.232,28.238.164.86,24496,27762,UDP,1467,ALLOW
38.14.118.28,140.159.45.115,64551,18301,TCP,543,BLOCK
156.74.115.31,238.111.150.44,15849,64385,UDP,822,ALLOW
129.174.205.83,144.246.103.84,36484,29492,UDP,40,ALLOW
21.202.26.194,193.228.133.107,47646,56149,ICMP,247,BLOCK
80.125.235.183,17.93.149.245,7838,60893,TCP,1027,ALLOW
91.220.20.46,32.157.208.125,34070,35526,UDP,1331,ALLOW
207.100.186.83,234.159.169.242,7371,26533,ICMP,828,ALLOW
5.146.184.196,205.121.137.238,54338,6465,UDP,1177,BLOCK
130.250.0.57,251.114.163.161,51308,16563,UDP,1326,ALLOW
123.165.14.161,200.233.27.10,6412,41857,ICMP,423,ALLOW
188.162.63.240,205.166.246.46,39134,55515,ICMP,1109,ALLOW
24.23.11.17,245.126.146.117,30500,47893,TCP,456,ALLOW
14.235.207.26,142.125.155.151,30226,47029,UDP,848,ALLOW
71.59.173.216,71.106.252.136,48218,42512,ICMP,953,ALLOW
144.92.52.7,174.32.189.224,693,8684,ICMP,278,ALLOW
78.26.173.49,18.194.73.167,28927,32635,TCP,122,ALLOW
243.198.130.92,174.233.192.156,34247,61,TCP,1012,ALLOW
191.171.180.23,177.97.242.140,39165,9270,ICMP,788,ALLOW
59.121.130.147,245.128.161.92,8449,63144,TCP,1144,BLOCK
45.14.152.221,175.238.204.47,43391,23066,ICMP,1241,ALLOW
205.198.16.125,176.244.63.60,49594,2896,UDP,832,ALLOW
235.83.227.8,156.38.127.87,10074,15324,TCP,245,ALLOW
165.175.248.187,25.16.70.12,35415,12353,UDP,962,ALLOW
62.213.245.244,68.25.48.194,5210,44644,UDP,482,BLOCK
116.129.87.71,6.57.48.102,61165,49738,UDP,256,BLOCK
138.63.204.208,52.192.240.61,6534,38592,ICMP,1069,BLOCK
71.20.17.221,16.170.24.250,21062,30891,UDP,1164,ALLOW
63.81.109.238,252.130.206.28,7212,32017,UDP,525,ALLOW
94.165.31.10,116.234.159.25,9928,61305,UDP,1225,ALLOW
44.216.32.251,123.143.24.53,11928,11963,ICMP,833,ALLOW
101.168.135.10,155.72.119.55,51798,33303,UDP,786,ALLOW
213.178.87.40,64.92.248.85,24595,19847,UDP,653,BLOCK
144.75.120.45,79.168.242.107,9317,4012,TCP,1358,ALLOW
159.206.79.53,178.117.232.198,12178,64181,ICMP,1010,ALLOW
85.91.147.160,205.156.82.146,10847,19783,UDP,637,ALLOW
201.167.159.241,193.168.172.14,7934,2156,TCP,292,BLOCK
251.96.1.224,130.138.180.173,38245,55119,ICMP,251,ALLOW
32.232.204.157,29.56.231.145,46622,56482,ICMP,1463,ALLOW
160.76.115.153,178.127.47.193,40697,39726,ICMP,787,BLOCK
149.102.193.165,223.135.21.5,65450,9197,ICMP,1485,ALLOW
102.89.173.121,203.238.184.103,2081,43460,ICMP,515,ALLOW
241.142.225.105,35.78.219.115,6090,21710,ICMP,1067,ALLOW
118.171.48.103,56.48.172.81,56549,64078,UDP,1152,ALLOW
202.60.194.122,65.76.44.245,26124,13328,UDP,521,BLOCK
133.8.5.72,78.19.191.220,7798,57671,UDP,44,ALLOW
102.222.159.40,122.233.220.66,50014,53856,UDP,1230,ALLOW
113.203.7.71,82.2.181.205,8347,35475,TCP,307,ALLOW
177.91.61.83,63.39.58.182,19879,32770,UDP,357,ALLOW
61.110.250.126,61.131.250.59,33673,41994,ICMP,1080,ALLOW
6.202.83.207,115.74.121.222,17654,59826,UDP,156,ALLOW
131.133.57.21,106.95.90.157,49557,24701,UDP,527,ALLOW
153.126.2.126,234.129.61.255,58188,50257,ICMP,246,ALLOW
40.187.105.13,48.136.91.158,42743,14821,UDP,339,BLOCK
202.209.245.11,123.225.60.247,26141,10892,UDP,935,ALLOW
86.11.140.24,206.47.152.163,1185,34630,UDP,1225,ALLOW
44.242.121.146,135.200.249.57,58091,5270,TCP,105,ALLOW
54.237.99.172,100.111.172.61,34494,56096,UDP,945,BLOCK
135.220.118.52,38.223.57.243,44149,43881,ICMP,72,ALLOW
182.31.50.43,208.98.228.210,24847,48468,ICMP,879,ALLOW
81.197.145.210,191.43.28.58,45826,8321,UDP,886,ALLOW
149.36.95.55,70.91.8.126,22196,49590,UDP,1278,ALLOW
104.58.130.155,219.133.156.185,5607,53999,UDP,452,ALLOW
201.242.34.188,144.143.214.222,3957,10741,ICMP,1018,BLOCK
92.181.190.206,130.20.63.89,16556,35898,ICMP,119,BLOCK
96.134.75.48,35.233.228.244,65462,58566,TCP,1009,ALLOW
93.212.158.185,213.61.169.75,24850,30931,TCP,618,ALLOW
188.23.147.36,169.188.12.10,18691,57234,TCP,422,ALLOW
3.219.107.125,53.15.7.103,58503,17286,ICMP,415,ALLOW
19.187.151.49,58.56.39.236,59051,14381,TCP,434,BLOCK
176.178.95.104,186.129.93.221,48850,11361,UDP,958,ALLOW
163.249.116.97,203.137.43.138,26348,5399,UDP,696,ALLOW
255.227.65.78,206.79.80.217,33190,55831,ICMP,482,ALLOW
161.163.5.38,1.177.139.114,38309,5530,TCP,560,ALLOW
169.242.114.185,89.22.145.61,25786,55757,UDP,1407,ALLOW
245.124.11.130,223.112.127.61,49057,29063,ICMP,1173,ALLOW
236.17.39.20,37.248.238.194,63852,36687,TCP,103,ALLOW
142.224.98.25,165.194.221.60,32699,17452,UDP,290,BLOCK
7.99.239.221,128.221.172.223,15967,49179,TCP,263,ALLOW
86.41.171.13,155.148.121.109,31098,6938,ICMP,407,ALLOW
77.1.118.36,12.154.99.134,15883,56417,TCP,233,ALLOW
68.165.236.40,21.73.230.180,4676,39887,ICMP,837,ALLOW
61.245.59.124,206.206.131.223,41851,49700,TCP,1209,ALLOW
110.13.247.230,22.118.69.215,13010,10861,UDP,78,ALLOW
216.83.129.230,83.249.100.83,27844,25143,ICMP,902,ALLOW
69.144.122.88,203.160.27.135,62321,25280,ICMP,862,ALLOW
248.27.65.162,0.164.62.21,29794,38107,ICMP,943,BLOCK
228.4.254.192,69.124.148.95,39517,45241,TCP,142,ALLOW
167.203.183.163,162.78.4.59,38872,35909,TCP,1456,ALLOW
44.150.46.30,119.45.177.175,63510,40765,UDP,1182,ALLOW
138.9.194.117,133.216.55.109,17858,48258,ICMP,1272,ALLOW
13.79.201.92,186.247.231.254,19628,50743,ICMP,1317,ALLOW
9.75.93.104,156.198.103.76,61823,14202,TCP,458,BLOCK
0.132.19.7,229.145.1.7,18566,40545,TCP,1041,ALLOW
170.203.0.56,74.224.181.124,26026,37712,UDP,581,BLOCK
63.117.211.27,255.37.175.26,52249,45655,UDP,137,ALLOW
120.106.164.174,19.139.42.188,55799,8998,TCP,924,ALLOW
228.203.164.48,30.90.223.60,27833,40567,ICMP,414,ALLOW
240.119.43.55,201.194.108.90,44117,20176,UDP,895,BLOCK
155.110.206.133,162.94.142.143,9783,50510,TCP,954,ALLOW
107.250.188.147,252.12.112.34,38651,40861,TCP,1121,BLOCK
113.77.129.200,243.202.186.148,61584,3226,ICMP,971,BLOCK
254.36.19.25,242.181.202.157,22367,44579,TCP,1455,BLOCK
28.0.118.34,254.251.47.244,28558,59471,TCP,94,ALLOW
197.228.244.58,34.85.165.158,5799,47683,UDP,314,ALLOW
68.160.240.178,205.151.113.176,9628,63319,TCP,40,ALLOW
205.11.233.19,223.99.159.182,41184,35229,TCP,1214,ALLOW
180.241.215.250,206.255.234.185,57564,41506,UDP,1058,ALLOW
42.125.225.216,98.2.207.196,12467,46689,ICMP,1254,ALLOW
49.28.184.38,84.124.137.82,42615,63657,ICMP,579,ALLOW
222.183.238.170,24.67.60.28,12721,51881,UDP,1129,ALLOW
177.150.171.37,126.18.170.193,57609,61079,UDP,1192,ALLOW
83.150.127.125,73.60.170.152,41914,23111,ICMP,391,ALLOW
44.51.79.177,19.47.210.86,37293,10755,ICMP,837,ALLOW
233.123.118.7,151.138.109.225,61078,56634,ICMP,1194,ALLOW
241.84.128.246,182.27.196.190,6560,26656,ICMP,1184,ALLOW
7.156.95.101,58.132.50.148,40389,55583,ICMP,1112,ALLOW
4.238.85.174,11.49.131.245,19159,43602,UDP,1303,ALLOW
33.192.54.118,112.169.211.165,30917,3115,TCP,865,ALLOW
217.170.201.157,152.13.202.31,22058,26503,ICMP,540,ALLOW
113.209.144.25,138.188.145.154,35893,49769,ICMP,390,ALLOW
135.46.231.112,54.181.209.119,41440,48129,TCP,1462,ALLOW
75.218.71.88,214.74.20.171,11707,20029,TCP,120,ALLOW
45.195.32.0,132.86.168.58,50506,55566,TCP,680,ALLOW
146.30.207.141,254.88.232.181,60667,17588,TCP,987,ALLOW
52.47.68.104,201.149.82.64,12071,42720,TCP,262,ALLOW
89.189.219.193,63.70.3.192,58234,35334,TCP,772,ALLOW
241.191.197.62,142.103.203.149,53007,3175,UDP,531,ALLOW
72.160.168.88,213.241.174.208,40903,52234,TCP,868,ALLOW
175.12.72.244,92.173.141.177,925,35399,TCP,574,ALLOW
76.158.232.202,147.177.111.160,51323,35930,UDP,1138,ALLOW
67.97.124.101,118.58.42.206,26479,4322,TCP,245,ALLOW
237.131.101.18,11.39.117.19,5507,58014,ICMP,233,ALLOW
197.225.81.140,221.165.130.155,46419,30436,ICMP,737,BLOCK
232.22.82.108,183.89.93.12,62218,45973,TCP,86,ALLOW
74.128.87.253,204.65.36.176,35164,55422,UDP,415,ALLOW
53.198.88.212,229.65.35.181,24605,7100,ICMP,631,ALLOW
142.64.75.249,25.74.199.107,15311,23761,UDP,1055,ALLOW
198.142.148.146,167.42.149.147,8227,11361,ICMP,1280,BLOCK
59.92.216.160,7.28.39.217,11782,10314,TCP,789,ALLOW
48.223.240.34,157.208.127.83,5516,65139,UDP,1442,ALLOW
171.101.217.10,115.182.143.173,51823,46271,UDP,426,BLOCK
98.199.109.205,61.234.6.207,36134,20463,UDP,944,ALLOW
73.193.173.8,44.186.238.183,16973,5802,ICMP,666,ALLOW
2.84.25.71,175.154.180.214,32093,14131,ICMP,241,BLOCK
47.193.197.155,87.255.254.72,11411,14272,ICMP,1199,ALLOW
116.220.153.152,162.178.211.36,19523,16076,TCP,673,ALLOW
11.132.225.47,233.208.238.222,9096,36920,ICMP,447,ALLOW
36.206.43.227,118.56.7.206,23048,41680,TCP,1201,ALLOW
14.42.175.86,94.116.221.109,20471,18985,UDP,996,ALLOW
69.45.241.107,19.123.230.52,43130,22560,UDP,1459,BLOCK
122.170.236.20,118.11.176.16,8532,60943,TCP,1025,ALLOW
150.106.246.79,63.41.93.156,37039,12862,ICMP,1369,ALLOW
46.116.123.142,146.237.10.97,22404,33435,TCP,390,BLOCK
24.35.202.50,177.70.107.57,42675,16668,UDP,1387,ALLOW
14.67.20.140,33.250.19.49,62037,5841,UDP,1305,ALLOW
213.18.33.77,101.215.137.159,29123,61248,TCP,1326,ALLOW
124.195.239.116,51.14.228.83,16941,3566,ICMP,869,BLOCK
51.237.26.156,130.36.125.248,29832,43195,ICMP,875,BLOCK
238.155.34.135,39.71.39.235,57175,20978,TCP,248,ALLOW
143.105.163.157,55.150.103.138,11280,50618,TCP,299,ALLOW
145.1.176.76,109.191.135.92,38221,57474,ICMP,1333,ALLOW
131.89.88.93,93.55.59.137,60611,21119,UDP,1090,BLOCK
202.6.94.107,38.27.48.163,52720,64804,TCP,994,ALLOW
73.38.140.158,124.12.223.35,59401,22642,ICMP,1257,ALLOW
70.190.55.240,100.25.85.3,53052,7367,ICMP,777,BLOCK
169.188.41.183,222.81.191.165,6478,26637,UDP,1067,ALLOW
35.83.195.117,126.87.126.119,56653,15631,UDP,340,ALLOW
6.53.128.171,214.21.129.30,65525,20057,UDP,293,ALLOW
119.172.105.46,118.10.219.45,17401,7383,UDP,575,ALLOW
122.140.118.149,95.189.196.191,6471,55740,UDP,863,ALLOW
117.20.213.219,229.9.167.127,2063,16150,TCP,1356,BLOCK
136.25.8.14,237.151.98.171,41799,48640,ICMP,1406,ALLOW
9.215.121.120,111.59.189.86,58982,59839,TCP,687,ALLOW
124.169.71.151,144.64.246.222,53474,46042,TCP,1019,ALLOW
207.48.153.90,222.233.56.182,19881,993,TCP,399,ALLOW
36.67.49.151,105.180.183.225,34582,6859,TCP,730,ALLOW
18.99.59.166,8.21.140.88,44440,2122,TCP,765,ALLOW
201.88.145.146,175.17.114.203,55409,27161,UDP,694,BLOCK
163.201.224.182,167.144.142.105,14309,45157,UDP,135,ALLOW
241.68.174.48,14.206.62.246,26028,51376,ICMP,624,ALLOW
226.107.225.160,166.12.80.31,30721,20907,TCP,1085,ALLOW
118.148.208.149,136.39.147.217,35082,19573,ICMP,398,BLOCK
175.36.142.162,218.212.81.76,9707,52390,UDP,1249,ALLOW
219.198.159.10,207.200.190.75,50384,4137,UDP,485,ALLOW
137.200.77.76,171.37.210.187,9838,61869,UDP,299,ALLOW
252.184.253.152,70.248.226.47,38600,16728,TCP,637,BLOCK
1.63.34.6,17.143.182.38,52152,32168,TCP,137,ALLOW
84.145.66.41,195.186.88.223,52593,45422,UDP,1280,ALLOW
117.124.166.168,61.231.140.108,36825,15480,ICMP,328,ALLOW
240.202.230.23,80.240.228.133,33074,53857,ICMP,1499,ALLOW
187.45.18.67,210.76.248.187,47116,31377,UDP,119,ALLOW
217.101.41.31,89.13.94.53,32089,4824,ICMP,280,ALLOW
166.108.237.35,131.251.38.71,28113,59621,UDP,1012,ALLOW
231.228.96.163,24.76.159.186,26300,4921,ICMP,1348,BLOCK
130.72.135.96,229.190.165.119,34458,19586,UDP,1397,BLOCK
122.69.168.230,219.52.221.194,58862,38240,ICMP,305,ALLOW
195.12.48.59,155.130.236.245,30064,17273,TCP,347,BLOCK
129.187.4.171,225.207.149.95,3918,26620,UDP,1146,ALLOW
26.159.148.7,252.165.199.246,56233,9534,UDP,82,ALLOW
229.199.49.66,71.61.184.5,57764,39896,ICMP,706,ALLOW
245.43.124.57,205.31.98.137,2937,3721,UDP,1325,ALLOW
2.85.69.129,130.255.186.75,36631,19268,UDP,1484,ALLOW
214.171.1.101,176.58.30.92,14507,15697,UDP,1336,ALLOW
208.34.97.214,254.68.189.51,28806,29969,TCP,757,ALLOW
29.115.7.149,88.126.168.30,14319,53365,TCP,1050,ALLOW
43.185.35.196,253.212.249.83,48069,23346,ICMP,658,ALLOW
76.220.30.46,230.126.149.131,26027,51568,TCP,955,ALLOW
248.54.207.105,12.44.126.169,27673,25694,ICMP,1135,BLOCK
189.157.120.54,113.176.19.243,38418,61608,TCP,1233,ALLOW
143.11.144.143,204.80.181.163,52414,19386,ICMP,495,ALLOW
139.135.211.2,224.128.142.204,58509,18123,TCP,72,ALLOW
143.29.236.22,16.151.57.71,65067,1365,TCP,773,ALLOW
91.114.103.117,241.218.108.22,59214,2709,ICMP,505,BLOCK
4.211.103.247,173.71.7.58,50972,65426,UDP,1407,ALLOW
107.64.120.29,217.110.186.12,27282,12983,UDP,1155,ALLOW
148.83.197.149,166.228.240.155,48443,17309,TCP,428,ALLOW
209.199.230.31,216.188.15.118,28092,32920,ICMP,1050,ALLOW
160.244.15.203,1.245.209.254,50495,25162,UDP,687,BLOCK
37.243.225.252,144.29.102.12,38329,57197,ICMP,1240,ALLOW
141.35.224.150,95.241.220.237,48220,50065,UDP,854,ALLOW
113.236.65.104,93.81.12.170,18611,35090,ICMP,895,ALLOW
84.1.218.248,212.93.148.111,1080,13866,TCP,386,ALLOW
200.192.74.66,54.80.167.210,29851,496,ICMP,1021,ALLOW
179.189.150.153,115.142.200.179,46752,44756,UDP,269,ALLOW
195.209.54.5,201.107.222.52,20591,2149,TCP,1283,ALLOW
162.149.170.142,214.127.179.157,55433,33325,ICMP,399,ALLOW
85.59.100.243,160.56.51.136,30952,13394,UDP,891,BLOCK
233.11.238.48,181.110.0.43,15328,1553,TCP,854,ALLOW
41.165.81.172,226.74.97.207,12756,51273,ICMP,794,ALLOW
34.157.215.233,8.31.14.139,60124,35854,UDP,938,ALLOW
157.205.133.66,224.236.205.248,59873,52657,ICMP,474,ALLOW
79.6.179.13,184.135.71.154,7236,32925,ICMP,385,ALLOW
72.142.148.162,189.11.64.106,17198,8927,TCP,1333,ALLOW
65.90.129.162,231.41.189.114,62713,30852,TCP,422,ALLOW
209.205.19.209,138.102.170.94,21474,23890,UDP,77,ALLOW
255.9.24.193,16.224.159.249,2032,39931,TCP,540,BLOCK
24.252.53.32,220.212.84.167,41283,54676,UDP,1347,ALLOW
163.94.13.64,150.55.133.85,60314,56696,ICMP,1158,ALLOW
109.79.53.237,177.101.164.236,41864,8056,ICMP,229,ALLOW
124.179.130.226,191.242.53.199,58886,4655,UDP,1084,BLOCK
168.133.24.140,232.176.226.114,14288,22635,ICMP,835,BLOCK
116.225.135.148,138.87.48.148,38680,32364,TCP,192,ALLOW
225.195.24.78,114.193.62.103,44464,63753,ICMP,253,ALLOW
67.172.187.11,82.102.155.250,32231,11469,TCP,812,ALLOW
31.127.95.91,16.5.146.183,19038,56399,UDP,812,ALLOW
140.30.77.19,229.27.193.37,27053,32923,UDP,1446,BLOCK
145.220.59.190,118.36.114.243,3341,40719,ICMP,1082,ALLOW
133.159.92.42,67.213.217.176,40645,48092,ICMP,138,ALLOW
253.129.59.150,42.163.57.12,48665,17381,TCP,354,ALLOW
210.30.242.4,51.57.31.208,45204,26871,TCP,1379,ALLOW
210.161.9.88,104.227.246.187,1142,37395,ICMP,1117,ALLOW
129.125.10.177,237.82.185.251,25426,52058,ICMP,1234,ALLOW
252.158.55.206,98.237.103.183,57711,14260,UDP,343,ALLOW
200.214.82.136,250.27.128.169,19282,14874,UDP,1030,ALLOW
98.148.72.155,209.47.39.96,42050,13017,UDP,1190,ALLOW
189.237.114.6,190.203.199.215,20426,42138,ICMP,303,ALLOW
79.143.251.96,207.113.131.165,34807,154,ICMP,232,ALLOW
3.3.102.39,235.154.136.110,60205,7854,ICMP,948,ALLOW
16.100.102.123,143.183.75.30,32114,12380,UDP,771,ALLOW
51.220.51.163,215.118.141.236,4271,15793,ICMP,1437,BLOCK
123.165.230.177,24.254.33.66,42815,55634,TCP,358,BLOCK
62.228.115.190,249.151.253.117,4684,38368,ICMP,1065,BLOCK
61.255.252.226,233.72.25.147,49647,18101,ICMP,124,ALLOW
6.154.91.213,191.103.9.210,39885,60547,ICMP,1475,ALLOW
13.198.228.252,66.151.4.194,29810,47554,ICMP,789,ALLOW
85.132.253.182,185.26.207.112,60527,63457,ICMP,735,BLOCK
129.61.218.148,14.162.203.104,34553,11050,TCP,782,BLOCK
245.229.78.148,180.43.25.174,52663,787,TCP,1264,BLOCK
137.214.57.119,161.214.94.177,3787,4369,ICMP,398,ALLOW
166.132.64.12,83.139.214.131,21651,30700,UDP,1265,BLOCK
212.217.241.236,86.175.182.111,28707,57249,ICMP,1301,ALLOW
212.180.81.228,128.245.88.65,9191,47692,ICMP,732,ALLOW
172.159.163.208,157.130.121.148,38197,37041,ICMP,1410,ALLOW
226.240.187.138,216.83.176.115,39450,52920,UDP,1392,ALLOW
190.148.51.255,213.212.189.252,39662,27455,UDP,244,ALLOW
182.116.25.253,224.115.37.252,29710,57987,UDP,757,ALLOW
195.33.51.111,142.249.249.109,45430,38763,TCP,255,ALLOW
251.81.231.226,179.206.45.24,14893,23601,UDP,202,ALLOW
232.220.179.156,20.215.120.121,9644,29239,TCP,731,BLOCK
165.41.20.41,132.69.112.106,9944,25242,TCP,463,ALLOW
140.112.104.191,111.107.46.214,43241,19811,UDP,642,ALLOW
16.119.136.168,195.90.17.148,45761,20168,UDP,1049,BLOCK
128.129.59.47,219.226.213.103,21043,21812,UDP,1279,BLOCK
28.96.9.241,150.191.194.39,56235,39780,TCP,1170,ALLOW
57.255.187.231,241.137.88.179,43895,57205,ICMP,1147,ALLOW
20.27.202.246,240.199.246.202,6870,20086,UDP,768,ALLOW
33.7.186.213,60.191.4.121,61079,46855,UDP,174,ALLOW
199.176.78.144,236.180.54.36,56760,9262,UDP,276,ALLOW
187.86.87.172,55.186.236.101,40438,18734,TCP,254,BLOCK
210.68.159.171,92.196.72.58,44307,39780,TCP,519,ALLOW
192.86.100.7,239.1.192.103,42834,56208,ICMP,308,BLOCK
76.199.248.86,187.50.29.10,55372,29080,UDP,529,BLOCK
42.128.108.178,219.107.75.166,20919,33981,TCP,728,BLOCK
151.226.151.16,89.204.122.199,28380,56118,ICMP,804,ALLOW
132.147.20.231,190.191.188.124,55132,14142,UDP,913,BLOCK
57.158.109.227,181.219.121.93,42940,9345,TCP,795,ALLOW
138.179.142.210,200.102.222.185,25275,39473,UDP,317,ALLOW
134.242.27.50,212.183.238.161,17697,15897,UDP,156,ALLOW
234.185.4.4,246.30.51.88,2963,23818,TCP,395,ALLOW
93.245.95.7,75.128.182.21,13852,29814,TCP,106,ALLOW
63.137.37.110,39.100.110.128,52091,18896,TCP,1462,ALLOW
223.111.219.80,64.248.190.233,45748,144,UDP,1242,ALLOW
222.135.255.103,181.169.148.78,59645,10682,UDP,456,ALLOW
152.72.193.206,208.21.165.98,52350,7368,ICMP,1353,ALLOW
177.194.48.35,236.207.7.189,5297,3229,UDP,1324,ALLOW
125.67.77.104,174.16.16.245,56357,4583,TCP,1366,BLOCK
168.216.121.118,89.140.144.165,14746,13148,UDP,783,ALLOW
189.254.113.9,80.239.77.172,5731,11398,ICMP,721,ALLOW
148.163.139.90,5.162.109.13,13922,38800,ICMP,961,ALLOW
231.1.117.12,238.71.188.142,32895,37012,TCP,171,ALLOW
180.159.94.143,53.252.26.12,5603,13648,TCP,1345,ALLOW
31.31.123.225,240.158.244.247,17576,27719,ICMP,1321,ALLOW
10.9.14.16,162.59.5.196,19024,44265,ICMP,1051,BLOCK
167.145.182.200,213.57.48.150,45350,42318,ICMP,826,ALLOW
152.231.58.77,216.161.25.46,61261,47915,TCP,254,ALLOW
123.249.216.113,4.217.19.133,15998,19098,ICMP,694,ALLOW
21.243.157.211,197.58.191.241,17751,36954,ICMP,580,BLOCK
212.171.31.178,145.131.16.248,41980,58702,TCP,1345,ALLOW
173.112.119.148,13.205.12.134,22838,45255,UDP,57,ALLOW
226.121.31.221,127.43.118.142,14998,40097,UDP,1179,ALLOW
118.38.240.11,18.62.234.238,39440,53786,ICMP,841,ALLOW
232.174.17.148,235.162.80.162,23068,52345,UDP,440,ALLOW
140.253.148.125,146.147.99.162,45040,49453,UDP,1262,ALLOW
135.45.103.237,159.121.175.43,61859,17108,UDP,367,ALLOW
134.150.235.223,103.151.60.124,20924,54847,UDP,1122,ALLOW
202.255.85.149,144.70.106.49,8877,3011,ICMP,767,ALLOW
234.88.21.91,64.98.31.163,60974,5556,UDP,292,ALLOW
28.12.209.1,140.197.57.127,2888,68,UDP,1204,ALLOW
28.212.206.179,141.164.111.206,63724,28413,TCP,327,ALLOW
26.49.94.206,238.253.67.39,42423,44954,ICMP,1417,BLOCK
242.150.87.43,186.207.219.143,36855,51659,TCP,995,BLOCK
204.21.170.164,189.131.172.89,51414,34306,TCP,752,ALLOW
188.96.183.2,27.95.236.193,36949,49550,ICMP,1052,ALLOW
190.117.18.22,30.2.245.135,2842,62060,UDP,463,ALLOW
156.29.38.107,23.14.170.158,59112,11550,TCP,1156,ALLOW
110.24.127.228,200.230.44.193,28757,5681,ICMP,1248,ALLOW
110.135.105.185,7.70.247.107,6041,25740,UDP,424,BLOCK
143.71.128.107,114.102.233.124,52713,21210,ICMP,872,ALLOW
4.2.192.131,56.207.226.29,10305,41516,TCP,1240,ALLOW
103.226.223.63,201.229.145.113,30342,22433,UDP,797,ALLOW
105.97.234.216,196.116.220.166,4759,15117,UDP,134,ALLOW
9.148.127.45,59.97.170.125,17011,20046,ICMP,1164,ALLOW
230.218.154.65,172.150.196.93,61504,26328,UDP,84,ALLOW
168.111.12.136,133.183.121.252,60759,35710,TCP,1319,ALLOW
243.163.85.233,237.107.3.92,31659,43618,TCP,844,BLOCK
89.57.53.11,150.5.31.105,49003,60140,TCP,258,ALLOW
208.205.13.120,145.14.167.121,37783,26906,ICMP,321,BLOCK
161.180.120.19,95.200.228.201,1376,64149,UDP,1435,BLOCK
74.143.242.222,211.5.111.119,33950,7068,UDP,988,ALLOW
246.69.55.210,122.190.66.105,22093,32560,UDP,388,ALLOW
100.185.131.110,138.42.144.95,491,54244,TCP,252,ALLOW
124.131.19.137,131.190.195.80,3730,42920,UDP,214,BLOCK
23.245.226.153,40.210.132.159,5975,17986,TCP,926,ALLOW
36.229.212.53,213.247.197.34,52687,27370,UDP,1055,ALLOW
231.102.148.201,21.192.211.149,19681,17865,TCP,940,ALLOW
37.173.3.187,111.246.10.204,18325,22615,UDP,708,ALLOW
56.172.19.16,250.233.2.136,61753,58447,ICMP,196,BLOCK
118.70.3.220,59.75.86.13,31335,52429,ICMP,236,ALLOW
13.2.215.228,224.17.112.250,21399,47895,TCP,1054,ALLOW
79.185.54.243,232.72.22.201,34651,64849,TCP,1489,ALLOW
131.119.253.23,82.124.174.68,21293,15614,UDP,649,BLOCK
161.157.81.146,46.115.255.214,35756,6448,UDP,183,ALLOW
158.187.59.146,29.24.155.225,38354,5500,ICMP,72,ALLOW
48.62.109.210,236.247.111.238,3160,39042,UDP,237,ALLOW
149.151.108.75,24.73.205.233,32627,31316,TCP,1018,ALLOW
29.57.229.116,248.237.57.93,62767,1300,TCP,843,ALLOW
158.99.191.18,118.126.168.24,29352,54971,TCP,1403,ALLOW
175.172.227.93,77.98.115.47,37299,39470,TCP,404,ALLOW
182.112.182.224,225.9.98.202,17066,4995,TCP,75,ALLOW
145.62.115.112,10.84.148.213,21639,29879,ICMP,137,ALLOW
250.219.250.46,172.134.246.208,1074,15628,ICMP,919,ALLOW
202.56.251.117,191.125.63.1,46512,61224,TCP,1296,ALLOW
44.160.144.197,75.120.41.209,18772,7490,UDP,817,BLOCK
3.147.239.46,53.250.74.15,59739,26112,TCP,799,BLOCK
218.142.197.46,240.242.17.226,35462,32356,ICMP,1035,ALLOW
77.123.74.102,244.186.89.143,42331,8270,TCP,822,ALLOW
136.89.143.68,5.184.107.234,29321,2832,ICMP,864,ALLOW
248.243.60.137,174.238.47.41,4341,44371,ICMP,1223,ALLOW
49.2.204.106,75.187.76.131,34925,51874,TCP,1458,ALLOW
112.93.253.117,230.245.129.217,16185,11820,TCP,1278,ALLOW
236.197.80.250,58.154.26.78,40735,50685,UDP,874,ALLOW
108.50.244.146,254.71.6.190,2581,24814,ICMP,727,BLOCK
169.34.45.153,110.118.173.62,40026,21638,UDP,1123,ALLOW
242.68.92.63,231.123.11.140,28968,1997,TCP,41,ALLOW
164.211.48.148,253.42.16.62,2160,54464,ICMP,862,ALLOW
73.191.4.99,252.208.119.35,48941,44388,UDP,1483,ALLOW
69.89.3.125,212.7.68.89,13901,49430,UDP,1136,ALLOW
230.38.241.162,207.35.27.117,11441,3090,UDP,211,ALLOW
128.23.56.99,92.174.75.100,14679,33292,TCP,1038,ALLOW
69.40.181.173,157.150.143.13,61076,20660,TCP,1146,ALLOW
59.107.187.56,201.70.236.179,47205,45179,TCP,415,BLOCK
30.83.151.216,123.124.36.28,12022,54518,ICMP,1050,ALLOW
35.212.157.151,194.142.227.174,6773,30430,TCP,659,ALLOW
107.105.157.85,173.179.18.204,1628,15733,ICMP,1038,ALLOW
